,id,title,director,actor,genre,story,platform,age,year,thumb,photo1,photo2,video
0,1,NCIS,Donald P. Bellisario,"David McCallum, Sean Murray, Mark Harmon","
범죄,?드라마,?Action & Adventure
",NCIS는 미국의 수사드라마 시리즈로 미해군과 해병대 관련 범죄수사를 담당하는 가상의 해군범죄수사대에 관한 드라마.,왓챠,15 이용가,2003,https://www.themoviedb.org//t/p/w300_and_h450_bestv2/2exOHePjOTquUsbThPGhuEjYTyA.jpg,https://www.themoviedb.org//t/p/w300_and_h450_bestv2/2exOHePjOTquUsbThPGhuEjYTyA.jpg,https://www.themoviedb.org//t/p/w533_and_h300_bestv2/5rnL7gIZQvYEKSFTxehqnGcG88u.jpg,없음
1,2,하우스,David Shore,"Hugh Laurie, Jesse Spencer, Omar Epps","
드라마,?미스터리
","2004년 11월 FOX에서 방영을 시작한 미스터리 의학 시리즈. 프린스턴 플레인즈보로 대학병원의 진단의학과 과장인 그레고리 하우스는 환자들을 성심성의껏 돌보는 데는 영 꽝인 의사. 사사건건 병원 원장인 리사 커디와 부딪히는 그는 못된 매너와 그 매너를 더욱 돋보이게 하는 외모로 유명하지만, 또한 창조적인 생각과 결점없는 의학적 본능을 유감없이 발휘하는 최고의 의사이기도 하다. 천재적인 분석능력을 갖춘 전염병 전문의로서 그가 이제 인명을 살리기 위한 흥미롭고 미스터리한 의학의 퍼즐을 풀어간다.",왓챠,TV-14 이용가,2004,https://www.themoviedb.org//t/p/w300_and_h450_bestv2/5rIQ3pTjWdZjNUJSJxn1T8MIvoG.jpg,https://www.themoviedb.org//t/p/w300_and_h450_bestv2/5rIQ3pTjWdZjNUJSJxn1T8MIvoG.jpg,https://www.themoviedb.org//t/p/w533_and_h300_bestv2/r9t9lblyPfudl0LV0Ujg1nXdKyW.jpg,없음
2,3,프렌즈,Marta Kauffman,"Jennifer Aniston, Courteney Cox, Lisa Kudrow","
코미디,?드라마
","1994년 5월 NBC에서 방영을 시작한 시트콤. 미국 뉴욕 시 맨해튼의 그리니치 빌리지의 아파트와 까페 센트럴 퍼크를 중심으로 2-30대의 세 명의 남자와 세 명의 여자의 우정과 사랑, 삶을 그렸다. 부잣집 맏딸이자 응석받이로 자라 온 레이첼은 결혼식을 앞두고 결혼 선물들을 쳐다보던 중 자신이 남편보다 결혼선물을 더 사랑한다는 사실을 깨닫고 회의감을 느끼게 된다. 이를 계기로 불현듯 결혼식에서 도망쳐 나오게 되고, 뉴욕에 아버지의 그늘을 피할 곳을 찾다가 결혼식 전 우연히 만난 고등학교 동창 모니카와 재회하게 된다.",왓챠,15 이용가,1994,https://www.themoviedb.org//t/p/w300_and_h450_bestv2/f496cm9enuEsZkSPzCwnTESEK5s.jpg,https://www.themoviedb.org//t/p/w300_and_h450_bestv2/f496cm9enuEsZkSPzCwnTESEK5s.jpg,https://www.themoviedb.org//t/p/w533_and_h300_bestv2/l0qVZIpXtIo7km9u5Yqh0nKPOr5.jpg,없음
3,4,더 루키,Alexi Hawley,"Nathan Fillion, Melissa O'Neil, Eric Winter","
범죄,?드라마
",이혼 후 은행 강도를 당한 일을 계기로 LAPD에 지원한 40세의 최고령 신입을 중심으로 펼쳐지는 이야기,왓챠,TV-14 이용가,2018,https://www.themoviedb.org//t/p/w300_and_h450_bestv2/uyuCMmAxNL3z3fyW4xzefT886Yu.jpg,https://www.themoviedb.org//t/p/w300_and_h450_bestv2/uyuCMmAxNL3z3fyW4xzefT886Yu.jpg,https://www.themoviedb.org//t/p/w533_and_h300_bestv2/ryLgyKfU66ZyJhItFT1WnMRjCbN.jpg,없음
4,5,스와트,Aaron Rahsaan Thomas,"Shemar Moore, Alex Russell, Jay Harrington","
범죄,?Action & Adventure,?드라마
","로스앤젤레스에서 발생하는 특수임무를 수행하는 특수 기동대, S.W.A.T.은 리더 혼도의 지휘 아래, 팀원들은 꼬리에 꼬리를 무는 사건과 그 뒤에 숨은 거대한 세력에 맞서 도시를 지킨다.",왓챠,TV-14 이용가,2017,https://www.themoviedb.org//t/p/w300_and_h450_bestv2/7Bttz4hEspKlpU0Me57dkHNR3nf.jpg,https://www.themoviedb.org//t/p/w300_and_h450_bestv2/7Bttz4hEspKlpU0Me57dkHNR3nf.jpg,https://www.themoviedb.org//t/p/w533_and_h300_bestv2/psImsio70fZGLmt6TfyV4N62Ro.jpg,없음
5,6,오피스,Ricky Gervais,"Rainn Wilson, John Krasinski, Jenna Fischer","
코미디
",팬실베니아 스크랜튼에 위치한 사무용지 판매회사 던더 미플린의 스크랜턴 지점. 무미건조한 사무실에서 깐깐한 지점장과 독특한 캐릭터의 부하들이 벌이는 코믹 해프닝과 가슴 찡한 이야기가 펼쳐진다. BBC에서 방영된 동명 영국 시리즈의 할리우드 리메이크.,왓챠,15 이용가,2005,https://www.themoviedb.org//t/p/w300_and_h450_bestv2/qWnJzyZhyy74gjpSjIXWmuk0ifX.jpg,https://www.themoviedb.org//t/p/w300_and_h450_bestv2/qWnJzyZhyy74gjpSjIXWmuk0ifX.jpg,https://www.themoviedb.org//t/p/w533_and_h300_bestv2/cvf8IRQBm6x0bMVrfX2sMO9BMMm.jpg,없음
6,7,빅뱅 이론,Chuck Lorre,"Jim Parsons, Johnny Galecki, Kaley Cuoco","
코미디
","2007년 9월 CBS에서 방영을 시작한 시트콤. 캘리포니아공과대학(Caltech) 소속의 박사/석사인 쉘든, 레너드, 하워드, 그리고 라제쉬는 지적으로는 뛰어난 인재들이지만, 괴짜 같은 취향에 사회성도 떨어지는 친구 사이이다. 어느 날 실험 물리학자인 레너드와 이론 물리학자인 쉘든이 살고 있는 아파트 건너편에 매력적인 금발의 여배우를 꿈꾸는 종업원 페니가 이사온다. 한 눈에 페니에게 반한 레너드는 그녀의 마음을 얻기 위해 그녀를 점심 식사에 초대하지만, 쉘든은 이 둘이 잘 될 확률은 절대 없을 것이라며 코웃음을 친다.",왓챠,15 이용가,2007,https://www.themoviedb.org//t/p/w300_and_h450_bestv2/ooBGRQBdbGzBxAVfExiO8r7kloA.jpg,https://www.themoviedb.org//t/p/w300_and_h450_bestv2/ooBGRQBdbGzBxAVfExiO8r7kloA.jpg,https://www.themoviedb.org//t/p/w533_and_h300_bestv2/7RySzFeK3LPVMXcPtqfZnl6u4p1.jpg,없음
7,8,CSI: 마이애미,Anthony Zuiker,"David Caruso, Emily Procter, Adam Rodr?guez","
드라마,?미스터리,?범죄
",플로리다 주의 마이애미 데이드 경찰청. 호레이쇼 반장과 CSI 과학 수사 대원들은 논리적인 증거 분석과 본능적인 수사로 마이애미에서 일어나는 위험한 범죄들을 해결해나간다.,왓챠,15 이용가,2002,https://www.themoviedb.org//t/p/w300_and_h450_bestv2/pNW64pjaHvf6purNaFhq4SHYRfl.jpg,https://www.themoviedb.org//t/p/w300_and_h450_bestv2/pNW64pjaHvf6purNaFhq4SHYRfl.jpg,https://www.themoviedb.org//t/p/w533_and_h300_bestv2/2sjy8Tu8PJGFQI4Foz4682qk8Mw.jpg,없음
8,9,씰 팀,Benjamin Cavell,"David Boreanaz, Max Thieriot, Neil Brown Jr.","
Action & Adventure,?드라마,?War & Politics
",국가가 요구하는 가장 위험하고 어려운 작전을 계획하고 수행하는 최정예 해군 특수부대 씰 팀의 삶을 보여주는 드라마.,왓챠,TV-14 이용가,2017,https://www.themoviedb.org//t/p/w300_and_h450_bestv2/6iSnec83UEMgLOXAtGYwaVNHLjR.jpg,https://www.themoviedb.org//t/p/w300_and_h450_bestv2/6iSnec83UEMgLOXAtGYwaVNHLjR.jpg,https://www.themoviedb.org//t/p/w533_and_h300_bestv2/ojyo33io8HGxNCRg21Z1o87YEZX.jpg,없음
9,10,루터,Neil Cross,"Idris Elba, Michael Smiley, Dermot Crowley","
범죄,?드라마,?미스터리
",냉철하고 능력있는 형사 루터가 여러 사이코패스 킬러들의 사건을 해결하는 이야기,왓챠,15 이용가,2010,https://www.themoviedb.org//t/p/w300_and_h450_bestv2/hDxOMX8zzH1FiqKWVBzNaYGBkle.jpg,https://www.themoviedb.org//t/p/w300_and_h450_bestv2/hDxOMX8zzH1FiqKWVBzNaYGBkle.jpg,https://www.themoviedb.org//t/p/w533_and_h300_bestv2/A2qdFRq9oJDC5E7fbgSS4POUMDF.jpg,없음
10,11,아가사 크리스티 - 명탐정 포와로,Agatha Christie,"David Suchet, Hugh Fraser, Philip Jackson","
범죄,?드라마,?미스터리
","미스터리 추리 소설의 여왕, 아가사 크리스티의 작품을 영상화한 시리즈. 멋진 콧수염이 트레이드 마크인 벨기에 출신의 명탐정 에르큘 포와로가 미궁에 빠진 사건들을 해결한다.",왓챠,15 이용가,1989,https://www.themoviedb.org//t/p/w300_and_h450_bestv2/pWVZ6WUSZfqxTOllyiV9mM3jQ4g.jpg,https://www.themoviedb.org//t/p/w300_and_h450_bestv2/pWVZ6WUSZfqxTOllyiV9mM3jQ4g.jpg,https://www.themoviedb.org//t/p/w533_and_h300_bestv2/sCSp2AQEkx6tRRgUCRt2nK87d1u.jpg,없음
11,12,우주전쟁,Howard Overman,"L?a Drucker, Gabriel Byrne, Elizabeth McGovern","
Sci-Fi & Fantasy,?드라마
","천문학자 카트린은 외계 생명체가 보낸 것으로 의심되는 주파수를 발견한다. 얼마 지나지 않아 정체불명의 물체가 지구 곳곳에 떨어지며 폭격이 시작되고, 엄청난 자기장에 노출된 많은 사람이 죽게 된다. 겨우 살아남은 사람들마저 기괴한 로봇에 의해 살해되며 인류는 미증유의 대학살을 마주한다. 가족을 살리기 위해 고군분투하던 뇌과학 교수 빌은 외계 로봇이 단순한 로봇이 아닌 유기체와 결합한 존재임을 발견하고 연구를 시작한다. 한편 시각장애인 에밀리는 외계 주파수에 의한 시력 회복을 경험하고 그들과 소통할 수 있음을 믿게 된다.  미지의 외계 세력에 의한 전대미문의 인류 학살. 이제 생존자들은 답을 구해야만 한다.",왓챠,10 이용가,2019,https://www.themoviedb.org//t/p/w300_and_h450_bestv2/yThmbQkxSzW4HHdAaoj8RYHFH3i.jpg,https://www.themoviedb.org//t/p/w300_and_h450_bestv2/yThmbQkxSzW4HHdAaoj8RYHFH3i.jpg,https://www.themoviedb.org//t/p/w533_and_h300_bestv2/2EwN8QwyJHIUtbWdfUU8Pohhk7N.jpg,없음
12,13,엘리멘트리,Robert Doherty,"Jonny Lee Miller, Lucy Liu, Jon Michael Hill","
드라마,?미스터리,?범죄
",고전 소설 셜록 홈즈의 현대판으로 전설적인 탐정 셜록 홈즈가 조안 왓슨 박사와 함께 뉴욕 경찰의 최대 난제들을 해결한다.,왓챠,15 이용가,2012,https://www.themoviedb.org//t/p/w300_and_h450_bestv2/q9dObe29W4bDpgzUfOOH3ZnzDbR.jpg,https://www.themoviedb.org//t/p/w300_and_h450_bestv2/q9dObe29W4bDpgzUfOOH3ZnzDbR.jpg,https://www.themoviedb.org//t/p/w533_and_h300_bestv2/7sJrNKwzyJWnFPFpDL9wnZ859LZ.jpg,없음
13,14,머독 미스터리,Maureen Jennings,"Yannick Bisson, Helene Joy, Jonny Harris","
미스터리,?드라마
",1895년 빅토리아 시대 캐나다 토론토를 배경으로 형사 윌리엄 머독이 해박한 과학지식으로 사건을 해결해나가는 과정을 통해 당시 캐나다 사회의 어두운 부분을 조명한다.,왓챠,12세 이용가,2008,https://www.themoviedb.org//t/p/w300_and_h450_bestv2/oDeViEDiqQtIaqIaxIQZgmxMgBz.jpg,https://www.themoviedb.org//t/p/w300_and_h450_bestv2/oDeViEDiqQtIaqIaxIQZgmxMgBz.jpg,https://www.themoviedb.org//t/p/w533_and_h300_bestv2/rmIrbTk6Qb08grYwJlGQok9VnGk.jpg,없음
14,15,CSI: 뉴욕,Anthony Zuiker,"Gary Sinise, Carmine Giovinazzo, Hill Harper","
범죄,?드라마,?미스터리
",제리 브룩하이머 사단이 제작한 CSI 과학수사대 시리즈의 두번째 스핀오프작. 2004년 9월부터 정식 방영을 시작했다. 뉴욕 주 뉴욕시를 배경으로 하고 있으며 뉴욕시경 범죄연구소 산하 과학수사대의 활약상을 다루고 있다.,왓챠,15 이용가,2004,https://www.themoviedb.org//t/p/w300_and_h450_bestv2/8LarrkQqB3V2Ui7RLxL4DI0qXG7.jpg,https://www.themoviedb.org//t/p/w300_and_h450_bestv2/8LarrkQqB3V2Ui7RLxL4DI0qXG7.jpg,https://www.themoviedb.org//t/p/w533_and_h300_bestv2/p4GKINJxZoFbPEvX5NKIb4lzaL.jpg,없음
15,16,Hey Duggee,Grant Orchard,"Alexander Armstrong, Sander Jones, Jasmine Bartholomew","
애니메이션,?Kids,?가족
",Animated preschool series about a clubhouse that is run by a big dog called Duggee.,왓챠,U 이용가,2014,https://www.themoviedb.org//t/p/w300_and_h450_bestv2/y0r27LkhX6AZNqo2Q5FUYmwi5wz.jpg,https://www.themoviedb.org//t/p/w300_and_h450_bestv2/y0r27LkhX6AZNqo2Q5FUYmwi5wz.jpg,https://www.themoviedb.org//t/p/w533_and_h300_bestv2/rLt2ZvpYJ210QcG6AAzcDzoHxzn.jpg,없음
16,17,굿 와이프,Michelle King,"Julianna Margulies, Christine Baranski, Matt Czuchry","
드라마
",스캔들로 철창신세가 된 정치인 남편 때문에 다시 변호사로 일하게 된 얼리샤 플로릭의 이야기를 담은 법정 드라마.,왓챠,TV-14 이용가,2009,https://www.themoviedb.org//t/p/w300_and_h450_bestv2/lasNCd45fpPLirlA7QxkuopWro.jpg,https://www.themoviedb.org//t/p/w300_and_h450_bestv2/lasNCd45fpPLirlA7QxkuopWro.jpg,https://www.themoviedb.org//t/p/w533_and_h300_bestv2/wr3RtUspxiLV0TwBgdikTlTFSG5.jpg,없음
17,18,퍼슨 오브 인터레스트,Jonathan Nolan,"Jim Caviezel, Michael Emerson, Kevin Chapman","
드라마,?Action & Adventure,?범죄,?Sci-Fi & Fantasy
","죽은것으로 알려진 전직 CIA 작전요원인 존 리스가 천만장자인 핀치를 만나 뉴욕시에서 개발한 강력 범죄가 일어나기전 미리 범인을 찾아내는 일을 시작한다. 핀치가 개발한 소프트웨어인 ""더 머신""이 범죄를 예측하면 존이 그 정보를 바탕으로 범죄를 저지를 인물 (Person of Interest)을 찾아 그들만의 방법으로 예방한다.",왓챠,TV-14 이용가,2011,https://www.themoviedb.org//t/p/w300_and_h450_bestv2/3GQOyrORNv0p8DLGHWSxPgfo0Ab.jpg,https://www.themoviedb.org//t/p/w300_and_h450_bestv2/3GQOyrORNv0p8DLGHWSxPgfo0Ab.jpg,https://www.themoviedb.org//t/p/w533_and_h300_bestv2/3sCIyApg6jDoiTRwrNHHETRLQ8F.jpg,없음
18,19,빅토리아,Daisy Goodwin,"Jenna Coleman, Tom Hughes, Nell Hudson","
드라마
",갑작스러운 국왕의 서거로 열여덟 살의 어린 나이에 왕위에 오른 빅토리아. 대영제국의 전성기를 상징하는 빅토리아 여왕의 재위 초창기 시절과 여왕의 성장 과정을 그려낸다.,왓챠,12 이용가,2016,https://www.themoviedb.org//t/p/w300_and_h450_bestv2/wtu2oxkUuP8bQu8YY7slIlvvvpX.jpg,https://www.themoviedb.org//t/p/w300_and_h450_bestv2/wtu2oxkUuP8bQu8YY7slIlvvvpX.jpg,https://www.themoviedb.org//t/p/w533_and_h300_bestv2/rw3REQgh8BvTDmkN0Rup0dFATGm.jpg,없음
19,20,인데버,Russell Lewis,"Shaun Evans, Roger Allam, James Bradshaw","
범죄,?드라마,?미스터리
",영국 추리소설가 콜린 덱스터의 추리소설이자 인기 있는 드라마쇼였던 '모스 경감'의 젊은 시절 이야기를 다룬 프리퀄 드라마,왓챠,15 이용가,2013,https://www.themoviedb.org//t/p/w300_and_h450_bestv2/cgJEnyi0GrsxQTpxPde5jakVmmr.jpg,https://www.themoviedb.org//t/p/w300_and_h450_bestv2/cgJEnyi0GrsxQTpxPde5jakVmmr.jpg,https://www.themoviedb.org//t/p/w533_and_h300_bestv2/3hiy2hzGxsFDDmYNCtBPzImV9t3.jpg,없음
20,21,런닝맨,Jo Hyo-jin,"Yoo Jae-suk, Jee Seok-jin, Kim Jong-kook","
코미디,?Reality
","대한민국 최고의 연예인들이 곳곳에 있는 미션을 해결하고, 끊임없는 질주와 긴박감 넘치는 대결을 통해 대한민국 랜드마크들의 숨겨진 뒷모습을 전격 공개하는 프로그램",왓챠,15 이용가,2010,https://www.themoviedb.org//t/p/w300_and_h450_bestv2/ArntYxWZXArwegRh9IaOq2KD1JR.jpg,https://www.themoviedb.org//t/p/w300_and_h450_bestv2/ArntYxWZXArwegRh9IaOq2KD1JR.jpg,https://www.themoviedb.org//t/p/w533_and_h300_bestv2/rHuXgDmrv4vMKgQZ6pu2E2iLJnM.jpg,없음
21,22,나 혼자 산다,Lee Ji-sun,"Park Na-rae, Jeon Hyun-moo, Kian84","
Reality
","대한민국 1인 가구 453만 시대! 이제는 1인 가구가 대세! 연예계 역시 1/3은 1인 가구! 기러기 아빠, 주말부부, 상경 후 고군분투중인 청년, 독신남 등 각기 다른 이유로 싱글족이 된 스타들! 당당한 1인 가구의 싱글라이프는 과연 어떤 것일까? 1인 가구가 트렌드가 된 현 시점에서 프로그램을 통해 사회적 공감대를 형성해본다.",왓챠,15 이용가,2013,https://www.themoviedb.org//t/p/w300_and_h450_bestv2/a6eIDQKz2uIu69ABt87Evwn1kBP.jpg,https://www.themoviedb.org//t/p/w300_and_h450_bestv2/a6eIDQKz2uIu69ABt87Evwn1kBP.jpg,https://www.themoviedb.org//t/p/w533_and_h300_bestv2/sztoil0XfQ0cSHy4PXmYW6uAdfQ.jpg,없음
22,23,밥만 잘 사주는 이상한 이사님,감독 정보 없음,"Park Young-woon, Park Jeong-woo, Jang You-sung","
드라마,?Sci-Fi & Fantasy
","수백 년 전, 한 아이가 신의 이름을 따서 저주를 받았습니다. 4번의 환생 끝에 회사 직원인 남자의 모습으로 사랑을 찾습니다! 데이트하지 않으면 죽는다!",왓챠,15 이용가,2022,https://www.themoviedb.org//t/p/w300_and_h450_bestv2/fkbibxqjnQ4iAT3Z71o10p3yaS8.jpg,https://www.themoviedb.org//t/p/w300_and_h450_bestv2/fkbibxqjnQ4iAT3Z71o10p3yaS8.jpg,https://www.themoviedb.org//t/p/w533_and_h300_bestv2/ecoe9Tj2MNqiEvrBg91g5EWEOzH.jpg,없음
23,24,1박 2일,Na Young-seok,"Kim Jong-min, Eun Ji-won, Uhm Tae-woong","
코미디,?Reality
","우리가 알고 있는, 우리가 알지 못하는 아름다운 우리나라. 유쾌한 여섯 남자와 함께 1박 2일의 여행을 떠나는 프로그램",왓챠,12 이용가,2007,https://www.themoviedb.org//t/p/w300_and_h450_bestv2/44CeavkZLqW9Z7SkOffxLNJtAv9.jpg,https://www.themoviedb.org//t/p/w300_and_h450_bestv2/44CeavkZLqW9Z7SkOffxLNJtAv9.jpg,https://www.themoviedb.org//t/p/w533_and_h300_bestv2/sDoSavurRsckAldstpCvUs30A6P.jpg,없음
24,25,라디오스타,한영롱,"Kim Guk-jin, Kim Gu-ra, An Young-mi","
Talk
","2007년 5월 30일부터 MBC TV에서 방송되고 있는 예능 프로그램으로, 라디오 프로그램들의 '보이는 라디오'를 이용하여 들리는 TV로 콘셉트를 잡아 현재까지 방송되고 있는 코너이다. 진행자들은 각각 DJ로 불리며, 매주 다양한 게스트들을 초대해서 근황에 대해 여러가지 질문을 하고 답하는 리얼 토크쇼 프로그램이다. 개인별 초대손님의 경우 한 번에 최대 4명을, 그룹의 경우 최대 5명의 초대손님으로 최대 3회까지 녹화한다.",왓챠,연령 정보 없음,2007,https://www.themoviedb.org//t/p/w300_and_h450_bestv2/ofo50w2DTFcPkOm3iguWGU3Y8cw.jpg,https://www.themoviedb.org//t/p/w300_and_h450_bestv2/ofo50w2DTFcPkOm3iguWGU3Y8cw.jpg,https://www.themoviedb.org//t/p/w533_and_h300_bestv2/kCd0rmnNwCd3sgupO9DqSi9aHa0.jpg,없음
25,26,무한도전,Kim Tae-ho,"Yoo Jae-suk, Jeong Hyeong-don, Noh Hong-chul","
Reality,?코미디
",대한민국 평균 이하임을 자처하는 남자들이 매주 새로운 상황 속에서 펼치는 좌충우돌 도전기,왓챠,12 이용가,2005,https://www.themoviedb.org//t/p/w300_and_h450_bestv2/fpXfEfcZu5uDTOKqjwXSGgrL4iY.jpg,https://www.themoviedb.org//t/p/w300_and_h450_bestv2/fpXfEfcZu5uDTOKqjwXSGgrL4iY.jpg,https://www.themoviedb.org//t/p/w533_and_h300_bestv2/s2qJb1FLwp1Mse9lY08JqgMp0kw.jpg,없음
26,27,출동 슈퍼윙스,Gil Hoon Jung,"Colin Critchley, Lily Peterson, Porter Fasullo","
애니메이션,?Kids
",세상에서 가장 빠른 택배 비행기 호기와 멋진 변신 비행기 친구들 슈퍼윙스가 펼치는 세계 문화탐험 어드벤처 이야기,왓챠,TV-Y 이용가,2014,https://www.themoviedb.org//t/p/w300_and_h450_bestv2/gvHwUZOivDtwCUB48Wdnx5BO2Vp.jpg,https://www.themoviedb.org//t/p/w300_and_h450_bestv2/gvHwUZOivDtwCUB48Wdnx5BO2Vp.jpg,https://www.themoviedb.org//t/p/w533_and_h300_bestv2/vwgC68MFTgrLaTBaXFnsVAb6y1W.jpg,없음
27,28,전지적 참견 시점,감독 정보 없음,"Jeon Hyun-moo, Song Eun-yi, Yoo Byung-jae","
Reality
","""당신의 인생에 참견해드립니다!"" 매니저들의 거침없는 제보로 공개되는 스타들의 리얼 일상! 그리고 시작되는 다양한 '참견 고수'들의 시시콜콜한 참견!",왓챠,15 이용가,2018,https://www.themoviedb.org//t/p/w300_and_h450_bestv2/oRoGuuYiyQmxc1fU5oV5dPKlnAz.jpg,https://www.themoviedb.org//t/p/w300_and_h450_bestv2/oRoGuuYiyQmxc1fU5oV5dPKlnAz.jpg,https://www.themoviedb.org//t/p/w533_and_h300_bestv2/o82rmThq339zBdO8Bd3gUyBic0o.jpg,없음
28,29,주간 아이돌,감독 정보 없음,"Defconn, Jeong Hyeong-don, Nam Chang-hee","
Talk
",버라이어티와 100% 리얼의 콜라보로 아이돌의 숨은 매력을 집중 탐구하는 BRAND NEW 아이돌 프로그램,왓챠,15 이용가,2011,https://www.themoviedb.org//t/p/w300_and_h450_bestv2/8StDvXrNkPWJDyotJyFB0XF9gKF.jpg,https://www.themoviedb.org//t/p/w300_and_h450_bestv2/8StDvXrNkPWJDyotJyFB0XF9gKF.jpg,https://www.themoviedb.org//t/p/w533_and_h300_bestv2/tb0w5OFohHZAv3h5GkT8ajYnanp.jpg,없음
29,30,미운 우리 새끼,Kwak Seung-young,"Shin Dong-yup, Seo Jang-hoon, Lee Sang-min","
Reality,?Talk
","* 당신은 아들에 대해 얼마나 알고 있습니까?  오늘 내 아들이 누구를 만나서 어떤 이야기를 들었는지...  왜 오늘따라 얼굴이 어두워 보이는지, 혹은 왜 이렇게 들떠 보이는지~  식탐은 갑자기 왜 이렇게 늘어난거며, 쉬는 날은 왜 이렇게 잠만 자는 건지...  당신은.. 당신의 아들에 대해 얼마나 알고 있습니까? * 엄마의 다시 쓰는 육아일기!",왓챠,15 이용가,2016,https://www.themoviedb.org//t/p/w300_and_h450_bestv2/5FQzjkx3zxxHNTzOqw9qMweQ4rd.jpg,https://www.themoviedb.org//t/p/w300_and_h450_bestv2/5FQzjkx3zxxHNTzOqw9qMweQ4rd.jpg,https://www.themoviedb.org//t/p/w533_and_h300_bestv2/vrLDuQ5L45f7vFWpMT17WopdWx0.jpg,없음
30,31,집사부일체,감독 정보 없음,"Doyoung, Eun Ji-won, Yang Se-hyung","
Reality,?Talk,?코미디
","인생의 가장 빛나는 순간, 숱한 물음표에 빠진 청춘들! 갈팡질팡 방황하는 청춘에게 ‘인생 사부’가 생긴다면? 사부님의 독보적 업적 뒤에는 독보적 라이프스타일이 숨어있다! 인생의 물음표가 많은 청춘들이 사부님의 라이프스타일대로 살아보는 아주 특별한 동거(同居)동락 인생과외! ‘Only 마이웨이’로 사는 전설의 사부님과 함께 한 하루는 이들에게 어떤 깨달음을 안겨줄까?",왓챠,12 이용가,2017,https://www.themoviedb.org//t/p/w300_and_h450_bestv2/pkjlaNUX23h7yRj6JHkIg3ivjuP.jpg,https://www.themoviedb.org//t/p/w300_and_h450_bestv2/pkjlaNUX23h7yRj6JHkIg3ivjuP.jpg,https://www.themoviedb.org//t/p/w533_and_h300_bestv2/cqgQR4ZRWbjz3emoYRnNPR3VISU.jpg,https://www.themoviedb.org//video/play?key=8r8v59owV0A
31,32,맛있는 녀석들,감독 정보 없음,"Kim Joon-hyun, Yoo Min-sang, Moon Se-yoon","
코미디,?가족
",코미디TV의 먹방 음식 정보 프로그램으로 매주 금요일 저녁 8시 20분에 방송한다. 먹어본 자가 맛을 안다! 맛 좀 아는 녀석들의 신개념 먹방 제안 프로그램.,왓챠,ALL 이용가,2015,https://www.themoviedb.org//t/p/w300_and_h450_bestv2/c2a1brhbBrYkAu9JPSXAHG8h7rj.jpg,https://www.themoviedb.org//t/p/w300_and_h450_bestv2/c2a1brhbBrYkAu9JPSXAHG8h7rj.jpg,https://www.themoviedb.org//t/p/w533_and_h300_bestv2/t2aDmvYojjyvZr1xTq77qjCc2rW.jpg,없음
32,33,놀면 뭐하니?,Kim Tae-ho,"Yoo Jae-suk, Jeong Jun-ha, Haha","
Reality,?코미디
","평소 스케줄 없는 날 ""놀면 뭐하니?""라고 말하는 유재석에게 카메라를 맡기면서 시작된 릴레이 카메라. 수많은 사람을 거치며 카메라에 담긴 의외의 인물들과 다양한 이야기를 담은 프로그램",왓챠,15 이용가,2019,https://www.themoviedb.org//t/p/w300_and_h450_bestv2/wj3LJPYFJPVDoQoRa6PtPlOe5Ka.jpg,https://www.themoviedb.org//t/p/w300_and_h450_bestv2/wj3LJPYFJPVDoQoRa6PtPlOe5Ka.jpg,https://www.themoviedb.org//t/p/w533_and_h300_bestv2/49Tc1dBmW8VrNkLdl93p1pS8JBO.jpg,https://www.themoviedb.org//video/play?key=acvks-szWhE
33,34,라바,감독 정보 없음,출연 정보 없음,"
애니메이션,?코미디
","인간들이 사는 세상에서 끊임없이 무엇인가 떨어진다. 씹다 버린 껌. 먹다 버린 아이스크림, 동전, 반지 등등. 작고 귀여운 애벌레 레드와 옐로우는 이 모든 것이 신기하다. 때론 이 물건들로 인해 곤란해지기도 하고 행복해지기도 하며 떨어진 물건을 차지하기 위해 티격태격 싸우기도 한다. 워낙 작은 존재라 빗방울, 추위 등으로 인해 엄청난 위기 상황에 던져지기도 하는데…",왓챠,TV-G 이용가,2011,https://www.themoviedb.org//t/p/w300_and_h450_bestv2/jDZ2rAmJ8mTojT929wTRMFKpv2L.jpg,https://www.themoviedb.org//t/p/w300_and_h450_bestv2/jDZ2rAmJ8mTojT929wTRMFKpv2L.jpg,https://www.themoviedb.org//t/p/w533_and_h300_bestv2/bMkG3Ss653TF7u0xqiNWQ4sFxuR.jpg,없음
34,35,유희열의 스케치북,You Hee-yeol,"You Hee-yeol, Lucid Fall, K.Will","
Talk
","어떤 그림이든 담을 수 있는 새하얀 스케치북 처럼 어떤 경계도 없이 다양한 음악을 담아내고, 뮤지션들과 소통할 수 있는 장을 마련하는 프로그램",왓챠,15 이용가,2009,https://www.themoviedb.org//t/p/w300_and_h450_bestv2/gOYCF1iyYiDHqoST7wfkqBCAB8I.jpg,https://www.themoviedb.org//t/p/w300_and_h450_bestv2/gOYCF1iyYiDHqoST7wfkqBCAB8I.jpg,https://www.themoviedb.org//t/p/w533_and_h300_bestv2/gWTJDV0iRWkkiwlL5uXHQvRPbkk.jpg,없음
35,36,우리 결혼했어요,감독 정보 없음,"Leeteuk, Eric Nam, Solar","
Reality
",가상 결혼 생활을 통해 연애와 결혼에 관한 고민과 해답을 찾아가는 과정을 진솔한 이야기로 풀어나가는 프로그램,왓챠,연령 정보 없음,2008,https://www.themoviedb.org//t/p/w300_and_h450_bestv2/mRibuyUmOttydFuuiW3rmKhkldz.jpg,https://www.themoviedb.org//t/p/w300_and_h450_bestv2/mRibuyUmOttydFuuiW3rmKhkldz.jpg,https://www.themoviedb.org//t/p/w533_and_h300_bestv2/fVvVv6MrtR1yYFmFErgkn0CkqY.jpg,없음
36,37,옥탑방의 문제아들,감독 정보 없음,"Song Eun-yi, Jeong Hyeong-don, Min Kyung-hoon","
Talk,?Reality
","과연, 상식의 선은 어디까지일까?",왓챠,15 이용가,2018,https://www.themoviedb.org//t/p/w300_and_h450_bestv2/bBshgkvqqGInROvibmss2TfUnU3.jpg,https://www.themoviedb.org//t/p/w300_and_h450_bestv2/bBshgkvqqGInROvibmss2TfUnU3.jpg,https://www.themoviedb.org//t/p/w533_and_h300_bestv2/uDh2I8jBu2TEdNGt6lH8T5hO7v4.jpg,없음
37,38,연애의 참견,감독 정보 없음,"Kwak Jung-eun, Joo Woo-jae, Kim Sook","
Talk,?Reality
","현실감 제로! 드라마보다 더 드라마 같은 '지긋지긋'한 연애 스토리! 누구보다 독하게, 단호하게 당신의 연애를 진단해 줄 본격 로맨스 파괴 토크쇼 프로그램",왓챠,15 이용가,2018,https://www.themoviedb.org//t/p/w300_and_h450_bestv2/5CxwFNv9YVk1YyAkzbyXAMplbfX.jpg,사진 정보 없음,사진 정보 없음,없음
38,39,골 때리는 그녀들,감독 정보 없음,"Bae Seong-jae, Lee Su-geun, Lee Chun-soo","
Reality
",“축구! 우리도 할 수 있어!” 진정성 200%! 축구에 진심인 그녀들과 대한민국 레전드 태극전사들이 함께 만들어가는 건강한 소모임 탄생! Goal 때리게 재밌고! Goal 때리게 쫄깃한! 여자 축구의 르네상스가 펼쳐진다,왓챠,15 이용가,2021,https://www.themoviedb.org//t/p/w300_and_h450_bestv2/mFy1XNWBPClL3EveMb8FsI4OGqX.jpg,https://www.themoviedb.org//t/p/w300_and_h450_bestv2/mFy1XNWBPClL3EveMb8FsI4OGqX.jpg,https://www.themoviedb.org//t/p/w533_and_h300_bestv2/nHWwfiaOK0YockI11UpCU66uic8.jpg,없음
39,40,그것이 알고싶다,감독 정보 없음,"Moon Sung-keun, Kim Sang-joong, Jung Jin-young","
다큐멘터리,?Talk
","SBS의 대표적인 시사고발 프로그램으로 사회, 종교, 미제사건 등 다양한 분야를 취재한다.",왓챠,15 이용가,1992,https://www.themoviedb.org//t/p/w300_and_h450_bestv2/pYCWmCNoKl7rJzK6VWiOZj7Xwmu.jpg,https://www.themoviedb.org//t/p/w300_and_h450_bestv2/pYCWmCNoKl7rJzK6VWiOZj7Xwmu.jpg,https://www.themoviedb.org//t/p/w533_and_h300_bestv2/quiGRuMl7gqk2s6lRkwS8bRwlYZ.jpg,없음
